7915.0,1.0,0.0,14400.0
1202.0,15.0,34.0,162754.0
8085.0,32.0,318.0,33720.0
9527.0,32.0,805.0,36000.0
28.0,2.0,1000.0,72000.0
76.0,32.0,1103.0,162754.0
45.0,2.0,1223.0,300.0
8.0,32.0,1990.0,600.0
56.0,4.0,6068.0,300.0
110.0,8.0,6105.0,600.0
19.0,16.0,6168.0,28800.0
9856.0,3.0,6748.0,162754.0
7311.0,2.0,6945.0,83700.0
4525.0,1.0,7032.0,9120.0
6555.0,18.0,7453.0,64800.0
83.0,1.0,17752.0,162754.0
14282.0,16.0,17999.0,108000.0
21.0,32.0,18103.0,10800.0
3.0,16.0,19081.0,64800.0
12007.0,1.0,19284.0,36000.0
5903.0,4.0,25172.0,43200.0
41334.0,32.0,25936.0,162754.0
7.0,1.0,26015.0,900.0
7330.0,6.0,30000.0,7740.0
286.0,1.0,30029.0,3600.0
7.0,32.0,30052.0,300.0
4.0,2.0,30116.0,7200.0
21.0,18.0,30305.0,10800.0
18.0,1.0,31353.0,10800.0
19288.0,32.0,32242.0,36000.0
9.0,128.0,32310.0,600.0
2.0,2.0,32882.0,7200.0
1323.0,1.0,32926.0,1800.0
25575.0,32.0,32948.0,43200.0
7.0,2.0,33297.0,1800.0
264.0,32.0,33324.0,162000.0
9163.0,1.0,34838.0,36000.0
13845.0,256.0,34896.0,108000.0
9928.0,1.0,34950.0,72000.0
1561.0,32.0,35048.0,162754.0
43.0,16.0,35062.0,1200.0
7147.0,115.0,36003.0,144000.0
402.0,3.0,36017.0,18000.0
5.0,4.0,36049.0,1200.0
5.0,4.0,36579.0,900.0
177.0,8.0,37146.0,600.0
32.0,2.0,37215.0,600.0
41.0,4.0,37230.0,600.0
1.0,50.0,37839.0,3600.0
16960.0,16.0,37884.0,162754.0
281.0,1.0,38951.0,1800.0
88.0,3.0,39066.0,36000.0
9945.0,8.0,39346.0,160980.0
6028.0,64.0,39367.0,7740.0
13516.0,1.0,39899.0,64800.0
21.0,1.0,39914.0,1320.0
3568.0,32.0,39921.0,108000.0
9232.0,4.0,41076.0,37500.0
7787.0,1.0,41140.0,10800.0
172.0,8.0,41471.0,110760.0
125.0,4.0,41810.0,3600.0
53.0,8.0,42011.0,600.0
327.0,1.0,42108.0,1800.0
19.0,1.0,42169.0,37500.0
30.0,16.0,42210.0,162754.0
5696.0,4.0,42243.0,64800.0
39.0,1.0,42432.0,3180.0
29.0,32.0,42446.0,4620.0
4.0,17.0,43667.0,1800.0
7.0,1.0,44059.0,10800.0
238.0,2.0,44175.0,1200.0
5182.0,9.0,44214.0,162754.0
7079.0,16.0,44225.0,72000.0
19338.0,4.0,44240.0,72000.0
25.0,2.0,44265.0,300.0
15.0,1.0,45885.0,1200.0
3892.0,8.0,46005.0,7200.0
15.0,1.0,47626.0,600.0
10367.0,218.0,47695.0,162754.0
5087.0,256.0,47796.0,162754.0
166.0,32.0,47865.0,1200.0
78.0,1.0,47883.0,1800.0
64.0,1.0,47904.0,1800.0
9185.0,64.0,48906.0,162754.0
8470.0,198.0,49028.0,162754.0
14117.0,1.0,50362.0,162754.0
11722.0,4.0,51396.0,162754.0
32.0,16.0,52356.0,600.0
12.0,8.0,52378.0,1200.0
4.0,8.0,53300.0,600.0
258.0,1.0,54292.0,1200.0
4560.0,1.0,54875.0,21600.0
18.0,38.0,54917.0,600.0
21.0,9.0,54931.0,162754.0
9066.0,16.0,55453.0,72000.0
10607.0,221.0,56582.0,162754.0
105.0,16.0,56695.0,3600.0
7867.0,1.0,56718.0,162754.0
13138.0,126.0,56791.0,162754.0
123.0,1.0,56841.0,1200.0
31.0,4.0,56956.0,72000.0
30.0,16.0,56998.0,600.0
23.0,2.0,57051.0,3600.0
24182.0,8.0,57065.0,25860.0
69.0,4.0,57095.0,600.0
8824.0,16.0,57214.0,162754.0
4496.0,16.0,58611.0,162754.0
9954.0,32.0,58641.0,162754.0
2860.0,2.0,58752.0,14400.0
7.0,16.0,58757.0,1200.0
26023.0,16.0,59353.0,33720.0
15.0,16.0,60125.0,1800.0
6.0,1.0,60262.0,5460.0
4.0,4.0,61571.0,1200.0
3.0,2.0,62148.0,1200.0
44.0,10.0,62268.0,300.0
18.0,1.0,62283.0,7200.0
171.0,8.0,62298.0,900.0
17.0,64.0,62337.0,10800.0
5.0,16.0,62500.0,600.0
7871.0,32.0,62524.0,43200.0
14.0,1.0,62664.0,27900.0
16.0,1.0,63143.0,162754.0
424.0,4.0,63177.0,162754.0
11.0,16.0,63194.0,162754.0
182.0,8.0,63628.0,600.0
4935.0,32.0,64664.0,64800.0
8613.0,147.0,64931.0,162754.0
3.0,4.0,64965.0,300.0
7550.0,149.0,65233.0,14400.0
17.0,1.0,65429.0,300.0
2.0,1.0,65850.0,1200.0
15.0,22.0,68453.0,900.0
16435.0,128.0,68490.0,96480.0
3448.0,4.0,68554.0,10800.0
140.0,1.0,68598.0,600.0
9578.0,16.0,68727.0,104760.0
11.0,32.0,69273.0,10800.0
103.0,4.0,69394.0,162754.0
6898.0,2.0,69420.0,162754.0
3.0,1.0,69438.0,2520.0
4.0,32.0,69465.0,300.0
37.0,1.0,69538.0,300.0
6271.0,1.0,69731.0,21600.0
56.0,4.0,70183.0,1200.0
3.0,12.0,70243.0,300.0
31.0,64.0,70441.0,3600.0
22402.0,136.0,70622.0,108000.0
24157.0,235.0,70700.0,162754.0
465.0,2.0,71907.0,1200.0
16.0,32.0,71944.0,600.0
67.0,1.0,71974.0,300.0
20.0,64.0,72029.0,162754.0
8234.0,8.0,72197.0,36000.0
10406.0,109.0,72278.0,162754.0
12.0,4.0,72348.0,600.0
19.0,1.0,72505.0,162754.0
51.0,32.0,72538.0,900.0
237.0,2.0,72701.0,600.0
13329.0,256.0,74203.0,43200.0
16.0,1.0,74954.0,162754.0
4295.0,13.0,75008.0,64800.0
116.0,1.0,75051.0,300.0
104.0,1.0,75222.0,43200.0
6.0,2.0,75273.0,1200.0
4.0,16.0,75587.0,300.0
20405.0,128.0,75949.0,36000.0
74.0,2.0,76455.0,300.0
19369.0,9.0,76553.0,65940.0
3.0,8.0,76630.0,300.0
196.0,4.0,76968.0,300.0
68.0,32.0,77033.0,1200.0
1206.0,8.0,77167.0,5460.0
14118.0,1.0,77980.0,18000.0
12.0,8.0,79381.0,1200.0
211.0,1.0,79447.0,110760.0
13501.0,8.0,79460.0,72000.0
4.0,4.0,80149.0,162754.0
5315.0,6.0,80197.0,10800.0
10.0,8.0,80212.0,3600.0
8699.0,128.0,80311.0,36000.0
25.0,1.0,81525.0,162754.0
12240.0,6.0,83009.0,162754.0
290.0,17.0,83248.0,162754.0
259.0,8.0,85587.0,600.0
1348.0,2.0,85659.0,10800.0
6.0,5.0,125121.0,600.0
19.0,2.0,125405.0,600.0
59456.0,64.0,125420.0,154140.0
16.0,16.0,125476.0,4860.0
11947.0,3.0,125540.0,162754.0
93.0,1.0,125652.0,162754.0
90.0,8.0,125801.0,1200.0
56.0,16.0,125836.0,600.0
9905.0,128.0,126038.0,43200.0
96737.0,1.0,126239.0,162754.0
18460.0,8.0,126243.0,162754.0
18.0,32.0,126249.0,900.0
4819.0,2.0,126276.0,162754.0
12580.0,4.0,126344.0,162754.0
8889.0,128.0,126385.0,162754.0
15121.0,64.0,126643.0,162754.0
5.0,16.0,126657.0,3600.0
368.0,8.0,126871.0,900.0
64.0,2.0,127938.0,162754.0
13299.0,4.0,128703.0,64800.0
9340.0,14.0,157606.0,21600.0
12.0,2.0,157957.0,1800.0
58.0,8.0,166864.0,300.0
6.0,32.0,166957.0,10800.0
14.0,32.0,167626.0,162754.0
14.0,1.0,167649.0,300.0
25.0,4.0,168490.0,300.0
12862.0,7.0,168511.0,162754.0
10.0,2.0,169267.0,480.0
16109.0,1.0,169693.0,162754.0
29.0,8.0,169889.0,600.0
23647.0,190.0,169967.0,162754.0
638.0,6.0,170128.0,5460.0
13.0,4.0,170280.0,1200.0
48.0,1.0,170559.0,3600.0
6269.0,2.0,170598.0,162754.0
4702.0,1.0,170729.0,14400.0
5659.0,1.0,170971.0,10800.0
13807.0,32.0,171526.0,18000.0
23074.0,32.0,202095.0,72000.0
14521.0,1.0,202224.0,43200.0
100.0,7.0,202543.0,3600.0
5740.0,64.0,202560.0,162754.0
51.0,18.0,202855.0,1200.0
2.0,16.0,202926.0,36000.0
643.0,4.0,203067.0,36000.0
7.0,64.0,203304.0,1200.0
3.0,32.0,211513.0,1200.0
7710.0,32.0,211543.0,162754.0
9.0,1.0,211601.0,3600.0
35356.0,1.0,211613.0,72000.0
48.0,6.0,211646.0,5460.0
91.0,1.0,211686.0,240.0
96.0,32.0,222145.0,600.0
3.0,1.0,222264.0,10800.0
4724.0,4.0,222411.0,162754.0
38.0,1.0,222570.0,300.0
25350.0,157.0,226983.0,162754.0
12577.0,89.0,230454.0,162754.0
24.0,8.0,230480.0,1200.0
36.0,1.0,230511.0,1800.0
45.0,2.0,230549.0,300.0
12.0,1.0,230784.0,300.0
16.0,4.0,230850.0,162754.0
224.0,8.0,232340.0,300.0
17.0,5.0,232363.0,4860.0
7.0,1.0,232505.0,1200.0
13411.0,8.0,232579.0,28800.0
52.0,64.0,232816.0,600.0
9716.0,13.0,232940.0,10800.0
9736.0,68.0,233102.0,162754.0
39.0,4.0,233125.0,1800.0
12306.0,1.0,233143.0,144000.0
61.0,1.0,233348.0,162754.0
6557.0,32.0,233523.0,7200.0
15.0,16.0,235104.0,300.0
15456.0,256.0,235140.0,162754.0
19.0,2.0,235897.0,10800.0
72.0,1.0,236752.0,162754.0
14157.0,32.0,236834.0,162754.0
10445.0,1.0,237649.0,51720.0
18225.0,128.0,237686.0,162754.0
10408.0,4.0,238168.0,14400.0
83.0,32.0,238374.0,3600.0
5.0,3.0,238412.0,900.0
45106.0,32.0,238697.0,162754.0
26722.0,64.0,238786.0,162754.0
64.0,4.0,238840.0,300.0
10082.0,8.0,239022.0,162754.0
11.0,16.0,266744.0,300.0
908.0,4.0,267094.0,3600.0
13792.0,26.0,269589.0,162754.0
23.0,1.0,270183.0,300.0
1257.0,16.0,272510.0,1800.0
25.0,2.0,273180.0,300.0
5994.0,2.0,279610.0,10800.0
1468.0,16.0,279796.0,14400.0
13.0,2.0,280129.0,64800.0
23.0,16.0,280318.0,162754.0
105.0,1.0,280509.0,43200.0
339.0,16.0,284945.0,600.0
15811.0,32.0,285450.0,162754.0
189.0,2.0,285458.0,300.0
109.0,50.0,285547.0,108000.0
3793.0,32.0,285780.0,10800.0
8.0,6.0,291606.0,3600.0
4625.0,1.0,291726.0,108000.0
15.0,4.0,292118.0,1200.0
839.0,4.0,292237.0,1800.0
5.0,1.0,292256.0,360.0
12293.0,16.0,292895.0,37500.0
12145.0,91.0,292934.0,108000.0
29.0,32.0,296232.0,300.0
167.0,1.0,296307.0,600.0
9.0,16.0,296419.0,600.0
13.0,16.0,296617.0,300.0
21.0,16.0,296708.0,64800.0
4.0,1.0,296751.0,72000.0
14.0,34.0,296804.0,72000.0
170.0,32.0,296814.0,1200.0
7.0,12.0,296824.0,900.0
15312.0,8.0,296887.0,25860.0
22.0,1.0,296923.0,1800.0
45.0,1.0,297036.0,300.0
10778.0,1.0,297051.0,10800.0
31.0,16.0,297294.0,600.0
19.0,4.0,297377.0,300.0
86.0,1.0,297683.0,1200.0
15639.0,8.0,297819.0,162754.0
281.0,8.0,297978.0,1200.0
733.0,1.0,299852.0,1200.0
19.0,1.0,300095.0,3600.0
72.0,1.0,300241.0,162754.0
13.0,1.0,304376.0,162754.0
19666.0,4.0,304411.0,21630.0
29566.0,256.0,304437.0,162754.0
32.0,64.0,304570.0,162754.0
1525.0,16.0,305755.0,1800.0
2.0,1.0,306449.0,162754.0
24.0,8.0,306468.0,600.0
17.0,3.0,306585.0,900.0
27.0,8.0,306602.0,43200.0
18.0,2.0,306627.0,1800.0
13047.0,1.0,306766.0,162754.0
211.0,1.0,306825.0,1200.0
117.0,128.0,306860.0,300.0
2.0,8.0,307531.0,300.0
103.0,16.0,307608.0,10800.0
416.0,1.0,307636.0,1800.0
367.0,27.0,307650.0,14400.0
21.0,1.0,307826.0,300.0
18509.0,2.0,308107.0,25860.0
43.0,4.0,308113.0,600.0
25351.0,128.0,308177.0,154140.0
11.0,1.0,308327.0,600.0
1122.0,4.0,308336.0,10800.0
66.0,8.0,309530.0,1200.0
18890.0,154.0,309644.0,21600.0
32.0,1.0,309974.0,1200.0
60.0,8.0,310291.0,600.0
61.0,2.0,310310.0,1200.0
10381.0,16.0,310339.0,111780.0
43.0,5.0,310414.0,600.0
25.0,64.0,310520.0,900.0
15303.0,1.0,310536.0,64800.0
10.0,2.0,310737.0,1800.0
11815.0,59.0,310753.0,162754.0
259.0,16.0,310886.0,162754.0
60.0,32.0,311066.0,600.0
296.0,1.0,311129.0,2040.0
7.0,1.0,311166.0,1200.0
15500.0,4.0,311648.0,65940.0
44.0,1.0,311905.0,600.0
10.0,1.0,312042.0,1800.0
331.0,2.0,312815.0,1200.0
4723.0,24.0,313120.0,72000.0
5697.0,16.0,313176.0,72000.0
19.0,8.0,313221.0,64800.0
14.0,1.0,315022.0,1200.0
14471.0,32.0,315561.0,162754.0
2689.0,1.0,315943.0,3600.0
24110.0,4.0,316081.0,162754.0
13362.0,4.0,316094.0,72000.0
6288.0,1.0,317189.0,10800.0
10264.0,8.0,317331.0,162754.0
5612.0,10.0,317466.0,162754.0
15.0,1.0,317490.0,1800.0
15.0,1.0,317696.0,1200.0
9343.0,16.0,317951.0,162754.0
87.0,4.0,317979.0,162754.0
191.0,16.0,318000.0,1200.0
12.0,1.0,318123.0,600.0
9995.0,32.0,318223.0,21600.0
100.0,64.0,318318.0,1200.0
18943.0,16.0,318559.0,36000.0
60.0,4.0,318640.0,10800.0
12806.0,16.0,318700.0,162754.0
12.0,4.0,318710.0,3600.0
13636.0,1.0,318747.0,28800.0
34465.0,2.0,318803.0,162754.0
19035.0,8.0,318832.0,21600.0
7.0,4.0,318950.0,600.0
9.0,64.0,318981.0,900.0
7.0,10.0,319291.0,72000.0
5.0,16.0,320257.0,600.0
15.0,4.0,320268.0,600.0
26.0,16.0,320387.0,9600.0
6.0,8.0,320684.0,162754.0
76.0,6.0,320879.0,300.0
5.0,19.0,320900.0,600.0
65.0,1.0,320929.0,600.0
10151.0,128.0,321085.0,162000.0
69.0,2.0,321492.0,600.0
286.0,8.0,321516.0,1800.0
24786.0,15.0,321814.0,64800.0
658.0,1.0,321946.0,7560.0
7980.0,2.0,322002.0,162754.0
12502.0,128.0,322025.0,111780.0
3.0,32.0,322601.0,10800.0
9038.0,128.0,322670.0,108000.0
11.0,4.0,323410.0,2520.0
425.0,1.0,324056.0,1800.0
13.0,16.0,324211.0,162754.0
4.0,1.0,325418.0,5460.0
28.0,8.0,325441.0,900.0
249.0,1.0,325482.0,3600.0
26.0,2.0,325548.0,600.0
44.0,1.0,325798.0,300.0
123.0,30.0,326099.0,300.0
58.0,31.0,326111.0,600.0
74.0,47.0,326121.0,3600.0
13.0,1.0,326132.0,1800.0
29.0,8.0,326203.0,1200.0
4708.0,194.0,326555.0,162754.0
574.0,1.0,326575.0,7020.0
409.0,16.0,326597.0,3600.0
47.0,4.0,326626.0,1800.0
10495.0,4.0,326659.0,18000.0
10303.0,32.0,326689.0,10800.0
15.0,12.0,326705.0,1800.0
2052.0,1.0,327761.0,3600.0
12152.0,8.0,327825.0,43200.0
5.0,8.0,328336.0,1800.0
31.0,8.0,328430.0,1200.0
10.0,16.0,328729.0,3600.0
8.0,30.0,328919.0,900.0
7.0,16.0,329147.0,1200.0
9.0,16.0,332120.0,1800.0
17.0,4.0,332335.0,10800.0
6157.0,149.0,333053.0,13620.0
287.0,8.0,333240.0,1800.0
7775.0,32.0,333417.0,162754.0
145.0,3.0,333891.0,18000.0
195.0,10.0,333908.0,300.0
407.0,1.0,335035.0,1200.0
104.0,1.0,335113.0,43200.0
11401.0,64.0,335220.0,162754.0
8.0,1.0,335630.0,900.0
16.0,2.0,336142.0,28800.0
18.0,4.0,336521.0,1800.0
304.0,42.0,336539.0,10800.0
7.0,4.0,336558.0,7200.0
5.0,1.0,337888.0,600.0
211.0,1.0,338433.0,10800.0
21500.0,8.0,339051.0,162754.0
77.0,8.0,339108.0,1800.0
27.0,32.0,339130.0,21600.0
15233.0,4.0,339175.0,162754.0
29.0,4.0,341975.0,10800.0
418.0,28.0,342454.0,10800.0
16786.0,2.0,344245.0,162754.0
5787.0,16.0,345532.0,43200.0
151.0,8.0,345923.0,162754.0
12368.0,1.0,346429.0,43200.0
16.0,32.0,348280.0,900.0
5.0,1.0,348405.0,300.0
252.0,7.0,359361.0,43200.0
108.0,42.0,359848.0,1200.0
9.0,6.0,360968.0,900.0
11630.0,46.0,362500.0,162754.0
284.0,8.0,362667.0,900.0
5154.0,2.0,369413.0,162754.0
214.0,32.0,369428.0,10800.0
35.0,4.0,369497.0,300.0
14.0,2.0,369525.0,162754.0
17.0,8.0,369944.0,72000.0
14328.0,1.0,370185.0,96480.0
410.0,2.0,370198.0,600.0
75.0,4.0,376495.0,600.0
2.0,32.0,376593.0,600.0
28.0,8.0,377272.0,300.0
9144.0,16.0,377299.0,162754.0
33.0,4.0,378005.0,162754.0
9662.0,32.0,378037.0,162754.0
52.0,1.0,378123.0,43200.0
29.0,8.0,378192.0,300.0
248.0,1.0,378351.0,600.0
37.0,1.0,378363.0,900.0
26302.0,54.0,378895.0,162754.0
8712.0,16.0,379041.0,144000.0
50.0,3.0,380939.0,600.0
29864.0,32.0,380967.0,162754.0
9810.0,1.0,381272.0,162754.0
3.0,16.0,381383.0,3600.0
2536.0,8.0,381396.0,21600.0
29.0,1.0,382112.0,300.0
74.0,4.0,382257.0,900.0
63.0,2.0,384976.0,72000.0
9425.0,128.0,385170.0,14400.0
7631.0,6.0,385229.0,10800.0
2835.0,32.0,385357.0,162754.0
14402.0,128.0,390603.0,162754.0
16.0,32.0,390894.0,5460.0
12550.0,4.0,390904.0,162754.0
9104.0,1.0,390914.0,10800.0
5.0,1.0,390951.0,162754.0
246.0,4.0,390998.0,162754.0
5656.0,4.0,391293.0,14400.0
4.0,2.0,391355.0,1800.0
28.0,29.0,391367.0,600.0
462.0,8.0,391398.0,1200.0
1595.0,1.0,391452.0,162754.0
8238.0,256.0,391536.0,10800.0
10565.0,2.0,391558.0,26340.0
8.0,8.0,391708.0,162754.0
300.0,2.0,391753.0,1200.0
71.0,2.0,391781.0,3600.0
3.0,4.0,391840.0,5460.0
24.0,8.0,392050.0,162754.0
24.0,8.0,392123.0,3600.0
309.0,2.0,392163.0,1800.0
11247.0,64.0,392267.0,162754.0
1107.0,2.0,392270.0,2400.0
121.0,1.0,392295.0,1800.0
144.0,2.0,392328.0,900.0
12460.0,1.0,392349.0,162754.0
118.0,32.0,392365.0,600.0
264.0,8.0,392528.0,900.0
48.0,1.0,392843.0,7200.0
925.0,8.0,392919.0,1200.0
21.0,8.0,392971.0,1800.0
20.0,4.0,392994.0,300.0
28.0,1.0,393045.0,3600.0
20106.0,32.0,393058.0,36000.0
8276.0,1.0,393083.0,43200.0
33716.0,16.0,393134.0,162754.0
264.0,2.0,393321.0,1200.0
8396.0,29.0,399963.0,144000.0
7228.0,4.0,399968.0,43200.0
29.0,32.0,400009.0,600.0
5565.0,1.0,400781.0,21600.0
131.0,32.0,400784.0,900.0
15.0,4.0,400812.0,1800.0
93.0,8.0,401123.0,1200.0
19498.0,2.0,401159.0,28800.0
6.0,16.0,403697.0,600.0
70.0,8.0,404431.0,162754.0
820.0,8.0,404633.0,10800.0
31.0,4.0,409256.0,600.0
32.0,12.0,409451.0,300.0
19958.0,64.0,409493.0,162754.0
19.0,32.0,409572.0,1800.0
2.0,32.0,411172.0,300.0
16.0,16.0,411185.0,900.0
9.0,2.0,411241.0,300.0
14.0,1.0,411274.0,600.0
3.0,1.0,411597.0,600.0
32707.0,16.0,412679.0,72000.0
11.0,16.0,412888.0,108000.0
5.0,16.0,413010.0,1200.0
550.0,30.0,413169.0,72000.0
718.0,32.0,413187.0,72000.0
286.0,6.0,413506.0,1200.0
54.0,9.0,413520.0,1800.0
14646.0,191.0,413970.0,28800.0
25.0,4.0,414963.0,900.0
3192.0,2.0,415118.0,162754.0
243.0,1.0,415171.0,14400.0
77.0,1.0,415237.0,1200.0
31.0,4.0,415273.0,43200.0
2.0,31.0,415322.0,162754.0
28.0,1.0,417326.0,3600.0
12432.0,1.0,417349.0,80160.0
23911.0,22.0,417357.0,72000.0
17.0,1.0,417502.0,3600.0
11249.0,128.0,417519.0,162754.0
13286.0,128.0,426498.0,14400.0
8010.0,1.0,426594.0,64800.0
2.0,1.0,429686.0,7200.0
39660.0,1.0,430127.0,43200.0
17.0,32.0,430284.0,1200.0
26082.0,32.0,431075.0,162754.0
19365.0,128.0,431188.0,21600.0
3647.0,4.0,431331.0,162754.0
10.0,4.0,431733.0,1200.0
15.0,6.0,432026.0,1800.0
183.0,16.0,432067.0,300.0
3.0,32.0,432538.0,162754.0
77.0,32.0,436581.0,900.0
30586.0,64.0,436903.0,162754.0
182.0,64.0,436988.0,162754.0
5.0,8.0,437451.0,600.0
12145.0,32.0,437740.0,162754.0
118.0,1.0,455814.0,300.0
54.0,1.0,456011.0,300.0
8049.0,2.0,456042.0,39120.0
41.0,1.0,456103.0,300.0
6661.0,8.0,456315.0,72000.0
59.0,1.0,456457.0,162000.0
13810.0,2.0,456622.0,65940.0
10.0,16.0,456642.0,7200.0
7731.0,16.0,457104.0,72000.0
9037.0,4.0,457138.0,162754.0
7943.0,16.0,457154.0,36000.0
200.0,1.0,457924.0,600.0
39.0,26.0,458168.0,162754.0
374.0,4.0,458366.0,162754.0
3051.0,16.0,459442.0,3600.0
10.0,1.0,460143.0,600.0
9.0,4.0,463030.0,1800.0
16.0,32.0,463512.0,14400.0
169.0,3.0,463532.0,21600.0
21789.0,16.0,463623.0,43200.0
1030.0,64.0,463647.0,57180.0
112.0,1.0,463667.0,25860.0
341.0,1.0,463733.0,1800.0
32.0,1.0,463856.0,1800.0
11365.0,256.0,463902.0,162754.0
66.0,2.0,464033.0,1200.0
21.0,1.0,464077.0,600.0
16476.0,228.0,464217.0,162754.0
172.0,1.0,464344.0,1200.0
8167.0,2.0,464736.0,65940.0
270.0,4.0,464819.0,1800.0
12.0,32.0,465106.0,1200.0
7.0,2.0,465135.0,600.0
20.0,1.0,465215.0,6420.0
7222.0,4.0,467006.0,162754.0
2621.0,128.0,467899.0,3600.0
18.0,16.0,468020.0,72000.0
12.0,8.0,468046.0,1200.0
82.0,23.0,468182.0,600.0
40.0,8.0,468276.0,1800.0
10.0,2.0,468358.0,7200.0
13803.0,32.0,468535.0,162754.0
11.0,8.0,468545.0,162000.0
25.0,1.0,468685.0,3600.0
325.0,1.0,468723.0,1200.0
12148.0,1.0,469239.0,162754.0
3.0,21.0,469255.0,300.0
24.0,1.0,469355.0,600.0
860.0,6.0,469404.0,162754.0
22.0,3.0,469491.0,162754.0
15739.0,64.0,469500.0,162754.0
9260.0,2.0,471081.0,43200.0
212.0,2.0,471114.0,3600.0
12.0,2.0,471257.0,900.0
20.0,4.0,471284.0,600.0
12754.0,256.0,472568.0,162754.0
43011.0,1.0,472605.0,64800.0
547.0,16.0,473590.0,162754.0
43.0,1.0,473608.0,900.0
464.0,8.0,473621.0,600.0
13.0,20.0,474168.0,900.0
4.0,1.0,474195.0,600.0
145.0,32.0,474388.0,1800.0
7493.0,143.0,474567.0,10800.0
38.0,1.0,520014.0,21600.0
30.0,2.0,520050.0,35580.0
82.0,2.0,520147.0,1800.0
19109.0,2.0,520309.0,72000.0
4084.0,10.0,520379.0,162000.0
199.0,8.0,520540.0,162754.0
201.0,64.0,521634.0,1200.0
32.0,8.0,521748.0,4860.0
159.0,2.0,523073.0,300.0
8625.0,6.0,523331.0,162754.0
7.0,2.0,523474.0,7200.0
10.0,1.0,534811.0,3600.0
68.0,32.0,535989.0,1800.0
6055.0,8.0,536152.0,7200.0
141.0,1.0,536345.0,110760.0
51988.0,1.0,536561.0,57180.0
34.0,3.0,539838.0,162754.0
909.0,1.0,540376.0,1200.0
8.0,2.0,540436.0,1200.0
31.0,7.0,540547.0,1800.0
71.0,2.0,542213.0,10800.0
25.0,4.0,542240.0,1200.0
4.0,1.0,542326.0,300.0
31.0,32.0,542397.0,18000.0
17898.0,170.0,542971.0,26340.0
7.0,1.0,542987.0,300.0
15586.0,5.0,543097.0,57180.0
11.0,16.0,544211.0,1200.0
23.0,35.0,544287.0,900.0
6.0,1.0,544331.0,1200.0
328.0,64.0,544375.0,900.0
228.0,2.0,544408.0,36000.0
10.0,16.0,544496.0,900.0
174.0,1.0,545113.0,7200.0
11.0,1.0,546160.0,1200.0
11935.0,116.0,546177.0,162754.0
25704.0,1.0,546232.0,162754.0
374.0,2.0,546279.0,162754.0
56.0,1.0,546391.0,300.0
5139.0,64.0,546421.0,14400.0
7265.0,163.0,546454.0,28800.0
7046.0,1.0,546765.0,102840.0
20494.0,1.0,546794.0,33720.0
3362.0,8.0,546841.0,18030.0
118.0,4.0,547405.0,600.0
4795.0,32.0,547482.0,162754.0
42.0,2.0,547513.0,162754.0
14.0,3.0,547548.0,600.0
39744.0,32.0,547709.0,162754.0
1.0,8.0,547770.0,162754.0
20.0,1.0,547872.0,162754.0
2.0,4.0,547919.0,162754.0
17.0,8.0,547966.0,900.0
6864.0,16.0,549564.0,162754.0
14942.0,1.0,549593.0,162754.0
10891.0,128.0,549643.0,162754.0
2970.0,2.0,549890.0,3600.0
23.0,16.0,550028.0,300.0
6222.0,2.0,550147.0,108000.0
9434.0,79.0,550483.0,24360.0
9.0,4.0,550496.0,1200.0
5.0,1.0,550506.0,1800.0
795.0,1.0,550879.0,43200.0
7573.0,4.0,550977.0,162754.0
18347.0,32.0,550993.0,37500.0
9825.0,1.0,552724.0,14400.0
113.0,8.0,552765.0,1800.0
51.0,1.0,552784.0,162754.0
21685.0,256.0,552859.0,72000.0
637.0,64.0,552881.0,64800.0
8308.0,128.0,553045.0,14400.0
14264.0,4.0,553502.0,108000.0
14.0,1.0,553623.0,600.0
57.0,1.0,553638.0,600.0
22.0,1.0,553721.0,900.0
27680.0,32.0,553889.0,57180.0
10613.0,1.0,553912.0,147720.0
2.0,8.0,554104.0,3600.0
16681.0,1.0,554112.0,72000.0
4.0,3.0,554220.0,600.0
9727.0,4.0,556481.0,14400.0
14.0,1.0,556721.0,7200.0
17398.0,2.0,556775.0,91440.0
12937.0,8.0,556855.0,33720.0
204.0,16.0,557282.0,300.0
1.0,1.0,557346.0,64800.0
8658.0,1.0,557362.0,162754.0
8.0,1.0,557636.0,162000.0
168.0,1.0,557651.0,7740.0
20.0,1.0,557744.0,600.0
12224.0,32.0,557770.0,14400.0
10.0,4.0,557836.0,1200.0
81.0,32.0,558127.0,900.0
16459.0,32.0,558237.0,162754.0
138.0,8.0,558519.0,900.0
223.0,44.0,558999.0,1200.0
4.0,16.0,559044.0,162754.0
9734.0,64.0,559076.0,111780.0
26.0,64.0,559122.0,162754.0
13.0,8.0,559240.0,3600.0
4565.0,3.0,559291.0,7560.0
18.0,4.0,559338.0,4620.0
27638.0,1.0,559900.0,162754.0
11.0,3.0,559915.0,600.0
184.0,1.0,559931.0,1200.0
22.0,1.0,560027.0,300.0
11.0,1.0,560032.0,162754.0
18.0,8.0,560112.0,1200.0
38.0,4.0,560393.0,1200.0
181.0,2.0,560520.0,10800.0
25.0,1.0,682444.0,300.0
78.0,64.0,682474.0,162754.0
88.0,8.0,682531.0,600.0
56.0,2.0,683354.0,1200.0
2459.0,16.0,683392.0,3600.0
57.0,2.0,683428.0,1200.0
2.0,1.0,683691.0,14400.0
10710.0,4.0,683733.0,162754.0
8.0,16.0,684114.0,10800.0
2.0,32.0,684554.0,162754.0
10.0,8.0,684804.0,4620.0
2778.0,256.0,711644.0,3600.0
154.0,1.0,727711.0,25620.0
10.0,8.0,727722.0,1800.0
53.0,1.0,727802.0,1800.0
88.0,16.0,728091.0,3600.0
325.0,2.0,729795.0,1800.0
6816.0,32.0,730135.0,162754.0
3.0,2.0,730292.0,600.0
7074.0,128.0,730388.0,62160.0
904.0,1.0,730441.0,1800.0
24.0,8.0,731100.0,900.0
18986.0,1.0,731115.0,162754.0
41.0,32.0,731124.0,300.0
16028.0,4.0,731180.0,162754.0
14126.0,256.0,731599.0,162754.0
4.0,4.0,732153.0,43200.0
217.0,2.0,732162.0,36000.0
18757.0,39.0,732307.0,28800.0
9.0,1.0,732416.0,300.0
16730.0,4.0,732436.0,21420.0
26.0,1.0,732578.0,900.0
541.0,32.0,732606.0,162754.0
66.0,1.0,732609.0,1800.0
6451.0,128.0,732647.0,162754.0
1154.0,128.0,732693.0,7200.0
25221.0,16.0,732767.0,162754.0
11010.0,1.0,732779.0,162754.0
4.0,1.0,732975.0,1800.0
2.0,1.0,733512.0,600.0
274.0,13.0,733682.0,3600.0
26689.0,223.0,733776.0,112860.0
5.0,2.0,733846.0,1800.0
808.0,16.0,734595.0,1200.0
2.0,1.0,734661.0,10800.0
11410.0,16.0,734695.0,162754.0
128.0,13.0,734743.0,300.0
13251.0,64.0,734757.0,28800.0
8.0,1.0,734816.0,300.0
15305.0,4.0,734832.0,162754.0
68.0,32.0,734843.0,10800.0
17.0,15.0,735279.0,162754.0
3.0,32.0,735300.0,28800.0
19.0,1.0,735555.0,43200.0
8664.0,45.0,735674.0,43200.0
3320.0,32.0,735710.0,3600.0
1299.0,4.0,735864.0,36000.0
18082.0,1.0,735873.0,21600.0
19733.0,8.0,735900.0,162754.0
183.0,26.0,735958.0,162754.0
17.0,2.0,735968.0,600.0
185.0,8.0,735985.0,300.0
13544.0,128.0,736004.0,162754.0
20.0,9.0,736084.0,300.0
39.0,5.0,736136.0,3600.0
13.0,12.0,736227.0,1800.0
122.0,32.0,736231.0,900.0
27787.0,4.0,736247.0,36000.0
19424.0,32.0,736281.0,162754.0
554.0,2.0,736356.0,600.0
6107.0,1.0,736398.0,33180.0
3174.0,32.0,737425.0,5460.0
4272.0,2.0,737508.0,7200.0
328.0,1.0,737556.0,14400.0
24211.0,256.0,737572.0,144000.0
17002.0,1.0,737691.0,108000.0
11202.0,172.0,737742.0,162754.0
7.0,2.0,737774.0,7200.0
69.0,15.0,740148.0,1200.0
9803.0,1.0,740165.0,10800.0
6390.0,32.0,740500.0,43200.0
27.0,15.0,740521.0,300.0
27.0,8.0,740532.0,1800.0
11.0,1.0,740754.0,162754.0
868.0,1.0,741152.0,1200.0
12.0,16.0,741171.0,1800.0
172.0,12.0,741258.0,2040.0
41.0,4.0,741293.0,900.0
19.0,8.0,741320.0,300.0
33.0,16.0,741736.0,300.0
447.0,8.0,741766.0,144000.0
120.0,32.0,741917.0,900.0
28063.0,256.0,743244.0,162754.0
5.0,2.0,743252.0,1200.0
24.0,16.0,743489.0,162754.0
127.0,1.0,743760.0,900.0
6992.0,4.0,743894.0,64800.0
6.0,2.0,743909.0,162754.0
145.0,4.0,743934.0,162754.0
29882.0,1.0,743946.0,162754.0
188.0,32.0,744097.0,300.0
54723.0,41.0,744458.0,162000.0
107.0,4.0,744475.0,37500.0
514.0,4.0,744622.0,3600.0
16.0,4.0,744727.0,1200.0
36.0,8.0,744767.0,36000.0
5963.0,1.0,745025.0,162754.0
82.0,32.0,745507.0,21600.0
5925.0,128.0,749077.0,7200.0
5481.0,8.0,749118.0,10800.0
2589.0,1.0,751234.0,3600.0
34864.0,32.0,751297.0,162754.0
18.0,64.0,751307.0,600.0
13.0,2.0,751554.0,1200.0
17.0,2.0,751575.0,162754.0
9.0,1.0,751687.0,104760.0
11828.0,32.0,751883.0,162754.0
5123.0,1.0,751989.0,7200.0
23.0,32.0,752028.0,3600.0
36.0,1.0,752537.0,300.0
174.0,16.0,752740.0,1800.0
394.0,11.0,753292.0,1800.0
99.0,1.0,753957.0,600.0
38.0,8.0,753989.0,108000.0
32.0,19.0,754098.0,300.0
28.0,32.0,754152.0,600.0
50.0,1.0,755665.0,7200.0
8150.0,20.0,755849.0,162754.0
64.0,2.0,755865.0,1800.0
47.0,8.0,755876.0,1200.0
53.0,16.0,756716.0,1800.0
11995.0,16.0,756973.0,162754.0
15.0,32.0,758584.0,1200.0
4499.0,4.0,759942.0,72000.0
2.0,64.0,760170.0,900.0
159.0,8.0,761146.0,600.0
10209.0,4.0,761337.0,72000.0
12567.0,8.0,761550.0,129300.0
14439.0,8.0,761593.0,36000.0
6212.0,2.0,761606.0,162754.0
26.0,29.0,761617.0,600.0
244.0,10.0,762328.0,600.0
62.0,1.0,762372.0,1200.0
74.0,1.0,762428.0,1200.0
333.0,4.0,762661.0,900.0
14174.0,32.0,762681.0,162754.0
8.0,8.0,762702.0,300.0
11289.0,1.0,763151.0,162754.0
8.0,20.0,763278.0,3600.0
1371.0,1.0,763786.0,162754.0
5.0,1.0,764368.0,600.0
65.0,8.0,764407.0,36000.0
18391.0,5.0,768449.0,162754.0
4282.0,4.0,768479.0,10800.0
10108.0,1.0,770640.0,144000.0
181.0,16.0,771107.0,1800.0
9791.0,1.0,771827.0,162754.0
4.0,4.0,773667.0,3600.0
13569.0,16.0,773792.0,43200.0
7.0,1.0,774517.0,1200.0
311.0,3.0,774990.0,21600.0
125.0,4.0,780543.0,1200.0
14.0,2.0,787069.0,900.0
11601.0,128.0,790037.0,162754.0
35.0,4.0,792111.0,1800.0
475.0,16.0,792238.0,162754.0
31928.0,8.0,793001.0,162000.0
54.0,8.0,794552.0,38820.0
284.0,4.0,799484.0,900.0
264.0,1.0,799523.0,1200.0
303.0,4.0,799653.0,1200.0
414.0,4.0,800025.0,1200.0
9.0,8.0,801094.0,1200.0
10157.0,128.0,801824.0,162754.0
5.0,1.0,802171.0,1200.0
21.0,1.0,802264.0,600.0
46.0,1.0,802302.0,600.0
27.0,1.0,802612.0,600.0
292.0,1.0,802684.0,21600.0
7051.0,32.0,802699.0,18000.0
15.0,4.0,803919.0,1200.0
2884.0,6.0,805104.0,162754.0
81.0,32.0,805145.0,1200.0
3.0,8.0,805356.0,3600.0
4.0,1.0,805452.0,300.0
10369.0,32.0,805918.0,72000.0
5.0,32.0,805977.0,300.0
9238.0,20.0,806021.0,18840.0
105.0,3.0,806636.0,1200.0
3.0,1.0,807975.0,300.0
5.0,20.0,808028.0,162754.0
220.0,32.0,808077.0,600.0
5247.0,1.0,808161.0,65940.0
25.0,8.0,808255.0,1200.0
129.0,1.0,808352.0,300.0
3.0,64.0,808370.0,3600.0
74.0,1.0,808408.0,1200.0
910.0,1.0,811167.0,3600.0
44.0,16.0,811705.0,1800.0
10011.0,1.0,811859.0,72000.0
7788.0,256.0,812225.0,43200.0
5.0,4.0,812280.0,1200.0
6026.0,16.0,812470.0,10800.0
10045.0,4.0,812503.0,162754.0
36163.0,32.0,812529.0,162754.0
73.0,1.0,812952.0,3600.0
9631.0,16.0,813017.0,162754.0
32.0,16.0,813047.0,3600.0
67.0,2.0,813084.0,900.0
120.0,1.0,813117.0,3600.0
19.0,1.0,813123.0,14400.0
111.0,16.0,813154.0,1200.0
13342.0,256.0,813298.0,162754.0
19.0,4.0,813547.0,1200.0
102.0,1.0,813644.0,900.0
1789.0,4.0,813655.0,7200.0
13998.0,32.0,814262.0,72000.0
14832.0,8.0,814434.0,162000.0
4.0,2.0,814440.0,300.0
20.0,1.0,814448.0,600.0
94.0,1.0,814496.0,162754.0
318.0,2.0,814535.0,600.0
105.0,2.0,814587.0,1200.0
5575.0,1.0,814855.0,10800.0
13.0,16.0,814890.0,300.0
39.0,1.0,814894.0,14400.0
6.0,8.0,814972.0,1800.0
33.0,27.0,814994.0,300.0
133.0,4.0,815232.0,43200.0
7685.0,42.0,815453.0,9720.0
27.0,1.0,815629.0,900.0
115.0,16.0,815708.0,1200.0
15577.0,8.0,818670.0,162754.0
13330.0,64.0,820827.0,144000.0
1043.0,19.0,820938.0,64800.0
3653.0,128.0,820961.0,7200.0
18127.0,14.0,820970.0,72000.0
9973.0,53.0,821031.0,162754.0
685.0,1.0,821220.0,1200.0
4651.0,32.0,821398.0,162754.0
8.0,1.0,828565.0,3600.0
550.0,1.0,828649.0,1200.0
4258.0,1.0,829367.0,18420.0
40.0,32.0,829677.0,1800.0
7013.0,8.0,829822.0,72000.0
9879.0,64.0,831497.0,72000.0
7099.0,1.0,831512.0,43200.0
7726.0,8.0,831622.0,57180.0
6927.0,4.0,831805.0,154140.0
56.0,16.0,831918.0,162754.0
4727.0,4.0,832377.0,5460.0
25169.0,1.0,832394.0,162754.0
696.0,4.0,832416.0,1200.0
207.0,4.0,832462.0,8820.0
22.0,8.0,832505.0,3600.0
7267.0,24.0,832617.0,36000.0
13.0,8.0,858798.0,300.0
26865.0,23.0,860557.0,162754.0
63.0,1.0,861230.0,1800.0
9238.0,8.0,861288.0,162754.0
24.0,1.0,861792.0,600.0
7530.0,16.0,862396.0,108000.0
121.0,1.0,862980.0,11880.0
70.0,1.0,863195.0,162754.0
5425.0,32.0,863892.0,43200.0
6.0,2.0,864418.0,300.0
12.0,2.0,866726.0,900.0
6.0,2.0,866805.0,1200.0
782.0,1.0,867435.0,1200.0
3.0,1.0,876737.0,7200.0
115.0,2.0,880316.0,1200.0
13456.0,1.0,880454.0,162754.0
11573.0,4.0,880625.0,128040.0
15.0,32.0,880772.0,600.0
140.0,1.0,887120.0,7200.0
9566.0,4.0,887761.0,72000.0
37.0,64.0,888529.0,300.0
31212.0,256.0,888536.0,162754.0
18.0,1.0,889221.0,12900.0
310.0,16.0,889265.0,7560.0
17.0,7.0,889501.0,162754.0
29.0,2.0,889585.0,1200.0
4.0,1.0,889785.0,7200.0
67.0,16.0,889943.0,600.0
21.0,4.0,890020.0,1200.0
53.0,14.0,890063.0,3600.0
30.0,1.0,890289.0,162754.0
8638.0,1.0,890375.0,149280.0
4396.0,16.0,891126.0,14400.0
89.0,1.0,891496.0,900.0
10.0,2.0,893054.0,72000.0
9163.0,114.0,893239.0,162754.0
10000.0,2.0,893494.0,65940.0
13764.0,2.0,893586.0,162754.0
182.0,16.0,893766.0,1200.0
130.0,8.0,893782.0,600.0
1712.0,8.0,894229.0,3600.0
10635.0,1.0,895248.0,25860.0
59.0,1.0,895401.0,600.0
8985.0,1.0,895644.0,162754.0
16.0,16.0,895678.0,72000.0
20.0,32.0,895744.0,300.0
13.0,16.0,895838.0,7200.0
23179.0,53.0,895883.0,57180.0
23.0,1.0,895895.0,600.0
718.0,64.0,901054.0,3600.0
16614.0,32.0,905419.0,18000.0
3.0,8.0,906299.0,1800.0
60.0,9.0,906322.0,144000.0
152.0,1.0,906411.0,600.0
42337.0,16.0,906471.0,123060.0
5.0,1.0,906510.0,10800.0
5.0,8.0,906996.0,3600.0
477.0,4.0,907177.0,1800.0
11583.0,1.0,907702.0,129300.0
24048.0,4.0,913763.0,162754.0
161.0,1.0,913834.0,1200.0
17639.0,2.0,914023.0,162754.0
194.0,8.0,914050.0,600.0
717.0,32.0,914247.0,1200.0
22.0,2.0,914660.0,162000.0
2697.0,1.0,914770.0,162754.0
7225.0,8.0,914788.0,108000.0
6.0,6.0,914924.0,600.0
6525.0,128.0,915092.0,162754.0
14541.0,32.0,915497.0,41880.0
6897.0,32.0,915572.0,37500.0
9.0,1.0,915654.0,600.0
411.0,16.0,915913.0,3600.0
30.0,66.0,916374.0,162754.0
9.0,8.0,916408.0,300.0
14120.0,128.0,916426.0,71100.0
44.0,2.0,916645.0,1200.0
35.0,8.0,916697.0,3600.0
13.0,4.0,916726.0,162754.0
15.0,1.0,918279.0,300.0
60.0,32.0,918335.0,1200.0
28.0,20.0,918360.0,300.0
8.0,2.0,918379.0,300.0
78.0,8.0,918402.0,1200.0
445.0,4.0,919863.0,600.0
143.0,21.0,919914.0,3600.0
21.0,1.0,919942.0,1200.0
4241.0,58.0,919982.0,57180.0
6306.0,128.0,920082.0,72000.0
6601.0,8.0,920109.0,14400.0
7400.0,1.0,920347.0,72000.0
17.0,16.0,920483.0,900.0
1.0,1.0,920663.0,300.0
42.0,32.0,920774.0,300.0
5.0,4.0,921184.0,900.0
15881.0,8.0,921200.0,162754.0
157.0,1.0,921262.0,104760.0
27.0,4.0,921334.0,1200.0
6.0,1.0,922076.0,300.0
32.0,4.0,922091.0,300.0
16.0,17.0,923280.0,600.0
31.0,47.0,924400.0,600.0
374.0,32.0,924659.0,43200.0
10887.0,128.0,925324.0,14400.0
14124.0,1.0,925337.0,129300.0
6.0,1.0,925644.0,300.0
142.0,32.0,970252.0,300.0
91.0,17.0,970424.0,1800.0
24.0,2.0,970441.0,162754.0
11.0,8.0,970690.0,1800.0
572.0,8.0,971242.0,10800.0
10.0,1.0,971548.0,1200.0
5.0,1.0,971823.0,300.0
23.0,32.0,981224.0,600.0
152.0,16.0,981252.0,1200.0
247.0,16.0,981335.0,300.0
41.0,16.0,981383.0,162000.0
24.0,2.0,981493.0,1800.0
582.0,16.0,982257.0,162754.0
2994.0,1.0,982752.0,162754.0
93.0,2.0,982758.0,65940.0
28869.0,211.0,986087.0,72000.0
19.0,1.0,986714.0,1200.0
149.0,16.0,986788.0,1200.0
11129.0,8.0,986846.0,37500.0
311.0,2.0,986874.0,480.0
9745.0,8.0,987802.0,28800.0
9666.0,26.0,988043.0,10800.0
71.0,32.0,988086.0,300.0
8.0,32.0,988245.0,1800.0
75.0,16.0,997489.0,162754.0
11306.0,4.0,997732.0,150840.0
13474.0,256.0,997766.0,40860.0
65.0,32.0,999077.0,1200.0
6.0,8.0,999230.0,162754.0
602.0,2.0,999308.0,1200.0
9.0,1.0,999333.0,600.0
29.0,4.0,999925.0,300.0
9.0,16.0,999974.0,900.0
305.0,1.0,1000160.0,900.0
99.0,4.0,1000196.0,1200.0
2.0,2.0,1000322.0,36000.0
10622.0,1.0,1000794.0,72000.0
44.0,1.0,1000871.0,600.0
6.0,1.0,1001885.0,1200.0
13872.0,1.0,1002073.0,162754.0
6048.0,32.0,1002323.0,12420.0
34.0,1.0,1002586.0,1200.0
27.0,8.0,1002632.0,3600.0
58.0,16.0,1002645.0,110760.0
9406.0,32.0,1002652.0,10800.0
10.0,41.0,1002812.0,1200.0
28387.0,32.0,1002837.0,108000.0
15898.0,16.0,1002942.0,72000.0
6619.0,1.0,1002999.0,162754.0
14520.0,8.0,1003391.0,36000.0
66.0,16.0,1003408.0,1800.0
11.0,8.0,1003587.0,162754.0
35.0,1.0,1003709.0,1200.0
282.0,32.0,1004611.0,162754.0
116.0,1.0,1004640.0,72000.0
8.0,2.0,1004823.0,21600.0
15.0,4.0,1004856.0,1200.0
283.0,8.0,1004886.0,57180.0
20333.0,1.0,1005177.0,108000.0
14566.0,8.0,1005184.0,24600.0
9019.0,128.0,1005197.0,10800.0
11294.0,1.0,1005355.0,162754.0
91.0,28.0,1005553.0,1200.0
19.0,4.0,1005681.0,600.0
21913.0,64.0,1008973.0,111780.0
16863.0,16.0,1009027.0,162754.0
19.0,2.0,1009036.0,144000.0
5077.0,16.0,1009147.0,7200.0
4.0,1.0,1009178.0,900.0
43.0,16.0,1009246.0,900.0
5724.0,1.0,1009262.0,162754.0
6524.0,1.0,1009432.0,64800.0
55.0,32.0,1009496.0,10800.0
1310.0,64.0,1009519.0,72000.0
1027.0,2.0,1009540.0,1200.0
9.0,4.0,1011182.0,900.0
236.0,1.0,1011258.0,1200.0
6.0,1.0,1011507.0,3600.0
42.0,1.0,1011540.0,900.0
2.0,2.0,1011557.0,2160.0
14113.0,4.0,1011623.0,162754.0
24.0,32.0,1011653.0,65940.0
1159.0,16.0,1011948.0,1200.0
36915.0,256.0,1012056.0,162754.0
4605.0,4.0,1012204.0,43200.0
1387.0,4.0,1012225.0,4860.0
64.0,8.0,1012311.0,600.0
207.0,16.0,1012334.0,1200.0
32.0,8.0,1012371.0,9600.0
125.0,32.0,1014456.0,80160.0
5.0,16.0,1014485.0,162754.0
18779.0,4.0,1014572.0,162754.0
27483.0,8.0,1014954.0,107700.0
5057.0,64.0,1015184.0,144000.0
85.0,16.0,1015405.0,3600.0
172.0,1.0,1019424.0,17820.0
126.0,21.0,1019668.0,3600.0
18240.0,35.0,1019682.0,162754.0
32200.0,2.0,1019904.0,162754.0
375.0,1.0,1019987.0,33180.0
47.0,1.0,1020713.0,1800.0
248.0,16.0,1020809.0,630.0
366.0,16.0,1020946.0,147720.0
9491.0,32.0,1021031.0,144000.0
97.0,1.0,1021119.0,900.0
61.0,4.0,1021152.0,600.0
29065.0,256.0,1021182.0,162754.0
10.0,8.0,1021840.0,1200.0
17312.0,8.0,1022625.0,162754.0
6008.0,32.0,1022644.0,10800.0
21.0,3.0,1023019.0,162754.0
63.0,8.0,1023209.0,900.0
40259.0,4.0,1023382.0,57180.0
12.0,11.0,1025929.0,1800.0
431.0,4.0,1081719.0,162754.0
10839.0,1.0,1081723.0,65940.0
8.0,2.0,1081756.0,1800.0
28141.0,8.0,1081774.0,144000.0
302.0,8.0,1081786.0,1800.0
29.0,32.0,1081850.0,1200.0
1747.0,4.0,1081891.0,162754.0
13256.0,64.0,1082373.0,162754.0
215.0,16.0,1082514.0,1800.0
66.0,1.0,1082539.0,900.0
7480.0,19.0,1082571.0,14400.0
106.0,1.0,1082614.0,300.0
39.0,2.0,1082753.0,1200.0
1259.0,4.0,1082880.0,162754.0
9276.0,256.0,1083130.0,14400.0
1096.0,1.0,1083210.0,3600.0
36.0,8.0,1083268.0,1200.0
5.0,1.0,1083308.0,1200.0
13043.0,32.0,1083723.0,162754.0
41.0,40.0,1083969.0,1200.0
16.0,1.0,1083976.0,43200.0
149.0,16.0,1084904.0,1800.0
175.0,4.0,1085044.0,3600.0
18669.0,128.0,1085078.0,162754.0
7246.0,8.0,1085520.0,14400.0
11.0,1.0,1085663.0,1200.0
188.0,5.0,1085716.0,600.0
4.0,8.0,1086433.0,300.0
16.0,2.0,1086526.0,300.0
13496.0,168.0,1086532.0,14400.0
37388.0,4.0,1086540.0,57180.0
2.0,4.0,1086601.0,10800.0
3.0,1.0,1090108.0,600.0
26212.0,8.0,1090274.0,64800.0
11828.0,1.0,1092682.0,162754.0
20.0,4.0,1093167.0,300.0
21885.0,1.0,1093240.0,150840.0
28.0,16.0,1093342.0,1800.0
5313.0,16.0,1093352.0,18000.0
6.0,8.0,1094105.0,600.0
8.0,64.0,1095218.0,900.0
4.0,32.0,1095241.0,3600.0
9970.0,8.0,1096046.0,10800.0
59.0,16.0,1096122.0,300.0
5279.0,1.0,1096271.0,43200.0
54.0,14.0,1096291.0,162754.0
16977.0,32.0,1096921.0,37500.0
95.0,4.0,1098692.0,1200.0
19040.0,161.0,1098798.0,162754.0
67.0,1.0,1099044.0,1200.0
12.0,2.0,1100551.0,1200.0
12002.0,4.0,1100579.0,28800.0
42.0,8.0,1101181.0,1800.0
5218.0,8.0,1101285.0,162754.0
9.0,32.0,1101300.0,600.0
35919.0,17.0,1179781.0,108000.0
7.0,2.0,1179959.0,10800.0
45.0,1.0,1180143.0,2040.0
13890.0,1.0,1180332.0,162754.0
463.0,32.0,1180394.0,162754.0
10634.0,128.0,1180479.0,162754.0
507.0,2.0,1180930.0,1800.0
17776.0,64.0,1180987.0,144000.0
3824.0,256.0,1182967.0,7200.0
5.0,32.0,1182979.0,900.0
8.0,8.0,1183004.0,10800.0
17.0,2.0,1183127.0,600.0
4133.0,128.0,1183203.0,72000.0
15.0,32.0,1183893.0,300.0
2997.0,128.0,1183960.0,18000.0
10.0,16.0,1184518.0,1200.0
1891.0,1.0,1184636.0,3600.0
14.0,8.0,1184719.0,1800.0
13168.0,32.0,1184749.0,162754.0
148.0,1.0,1185432.0,1200.0
8.0,40.0,1185459.0,72000.0
2.0,1.0,1185782.0,600.0
753.0,1.0,1185892.0,2040.0
147.0,8.0,1187061.0,900.0
35.0,16.0,1187103.0,162754.0
2482.0,1.0,1187121.0,162754.0
7582.0,8.0,1187161.0,162754.0
238.0,1.0,1187217.0,1200.0
1.0,24.0,1187222.0,72000.0
18340.0,16.0,1187401.0,162754.0
65.0,10.0,1187516.0,1200.0
79.0,3.0,1187576.0,3600.0
36.0,1.0,1189572.0,3600.0
184.0,8.0,1189808.0,162754.0
155.0,1.0,1189946.0,1200.0
10.0,2.0,1189965.0,300.0
64.0,1.0,1190190.0,1200.0
8.0,8.0,1190324.0,600.0
10402.0,60.0,1191428.0,144000.0
11444.0,1.0,1191501.0,21600.0
66.0,1.0,1192340.0,1800.0
988.0,1.0,1192694.0,1200.0
28715.0,256.0,1192750.0,72000.0
106.0,4.0,1193029.0,21600.0
15777.0,2.0,1193394.0,72000.0
72.0,1.0,1200769.0,3600.0
45.0,32.0,1201398.0,600.0
7718.0,27.0,1230887.0,18000.0
113.0,1.0,1231465.0,3600.0
4102.0,8.0,1233286.0,162754.0
10.0,5.0,1235753.0,1800.0
156.0,1.0,1235830.0,300.0
208.0,4.0,1235925.0,3600.0
7314.0,36.0,1236032.0,162754.0
26238.0,1.0,1236098.0,72000.0
2.0,64.0,1236795.0,64800.0
11.0,32.0,1238209.0,1800.0
20375.0,32.0,1238926.0,154140.0
2.0,2.0,1239262.0,162754.0
52.0,4.0,1239317.0,1200.0
4285.0,35.0,1239576.0,18030.0
7666.0,32.0,1239625.0,162754.0
10.0,16.0,1239731.0,162754.0
11542.0,8.0,1239739.0,162754.0
12.0,8.0,1239822.0,300.0
977.0,32.0,1240429.0,3600.0
91.0,32.0,1240521.0,108000.0
72.0,24.0,1240546.0,1200.0
16698.0,2.0,1241152.0,147720.0
15.0,1.0,1241292.0,900.0
2.0,4.0,1241334.0,1200.0
40.0,8.0,1245398.0,600.0
11.0,4.0,1257068.0,21600.0
13.0,1.0,1257091.0,600.0
147.0,1.0,1258369.0,3600.0
6058.0,4.0,1258402.0,144000.0
16696.0,1.0,1258437.0,72000.0
73.0,5.0,1258445.0,7200.0
389.0,1.0,1258650.0,1200.0
120.0,1.0,1258671.0,7200.0
83.0,4.0,1258797.0,1200.0
104.0,4.0,1259654.0,72000.0
3.0,1.0,1259689.0,300.0
237.0,4.0,1259816.0,10800.0
18.0,8.0,1259836.0,1200.0
12045.0,32.0,1259850.0,72000.0
5151.0,1.0,1259855.0,10800.0
72.0,8.0,1259875.0,162754.0
68.0,13.0,1259892.0,480.0
10535.0,32.0,1259898.0,14400.0
20.0,1.0,1259906.0,12900.0
9057.0,128.0,1259934.0,21600.0
5138.0,16.0,1259948.0,7200.0
14.0,2.0,1266711.0,300.0
10839.0,1.0,1266983.0,64800.0
5.0,16.0,1267091.0,1200.0
96.0,1.0,1267111.0,154140.0
6.0,1.0,1267160.0,600.0
2248.0,1.0,1267284.0,3600.0
70.0,65.0,1267503.0,600.0
4.0,32.0,1267720.0,600.0
295.0,1.0,1267820.0,1200.0
2977.0,1.0,1267841.0,162754.0
1392.0,1.0,1267869.0,28800.0
8940.0,32.0,1267979.0,10800.0
3954.0,1.0,1268581.0,10800.0
286.0,64.0,1268655.0,900.0
4042.0,1.0,1279673.0,43200.0
13366.0,256.0,1279696.0,162754.0
13522.0,32.0,1279737.0,162754.0
5.0,4.0,1279791.0,7200.0
11126.0,1.0,1279854.0,162754.0
33.0,8.0,1279879.0,600.0
14367.0,10.0,1279948.0,162754.0
8327.0,16.0,1279990.0,37500.0
21908.0,1.0,1280018.0,36000.0
10767.0,32.0,1280029.0,10800.0
132.0,16.0,1280074.0,18000.0
726.0,21.0,1280135.0,1200.0
50094.0,1.0,1280282.0,162754.0
410.0,1.0,1280308.0,43200.0
53.0,2.0,1280412.0,1200.0
83.0,16.0,1280574.0,9720.0
34096.0,1.0,1280601.0,162754.0
54.0,4.0,1280723.0,1800.0
29.0,1.0,1284432.0,72000.0
10.0,2.0,1284455.0,7200.0
4905.0,1.0,1284592.0,7200.0
12620.0,4.0,1284704.0,162754.0
59.0,32.0,1284795.0,300.0
177.0,20.0,1285214.0,162754.0
25816.0,54.0,1289256.0,36000.0
